test,statistic,p_value,df1
pre-trend joint,0.645136757226851,0.630669129293687,4
