intensity_bin,n,mean_prod,se_prod,mean_intensity
0%,3039,4.69186263371421,0.027199446960667,0
"(0,10]%",201,4.54085734588304,0.0840963764463119,0.0473537597789516
"(10,20]%",85,4.45578981146858,0.138209155364514,0.152484188477947
"(20,30]%",54,4.68401701716004,0.152399941056549,0.248780699775031
"(30,50]%",140,4.40450424268061,0.108531557431273,0.41268721003413
"(50,70]%",108,4.50248546026088,0.11900159193686,0.601081301174745
"(70,100]%",173,4.00247990315324,0.0806384997687783,0.851901693677336
