spec,SE,MDE_abs,MDE_pct
DID (After:Treat),0.047,0.13167450525131,2.80666859758779
DDD (After:Treat:prof_med),0.066,0.184904624395456,3.94127930725094
