test,diff,se,z,p_value
med vs low,0.160916164195251,0.092503149179165,1.73957498337251,0.0819336751372126
med vs high,0.182207791556456,0.103053743857988,1.76808512466606,0.0770466738611881
low vs high,0.0212916273612048,0.103737808386799,0.205244622884421,0.837381007445041
